"Based on these 3 tables, fill in column Seller area, Buyer area, Buyer in Urban/Rural, Route and estimated shipping fee",,,,,,,,,,,,,,,
,,,,,,,,,,,,,,,
Table 1: Area and Urban/Rural definition,,,,,,,,,,,,,,,
state,city,urban_rural,area,,Table 2: Route definition,,,,,,,,,,
An Giang,Thành Ph? Long Xuyên,Urban,Southern area,,,from_area,,,,,,,,,
An Giang,Huy?n An Phú,Rural,Southern area,,to_area,HN,HCM,?N,Northern area,Central area,Southern area,,,,
An Giang,Huy?n Châu Phú,Rural,Southern area,,HN,Intra city,Special same region,Special same region,Intra region,Cross region,Cross region,,,,
An Giang,Huy?n Châu Thành,Rural,Southern area,,HCM,Special same region,Intra city,Special same region,Cross region,Cross region,Intra region,,,,
An Giang,Huy?n Ch? M?i,Rural,Southern area,,?N,Special same region,Special same region,Intra city,Cross region,Intra region,Cross region,,,,
An Giang,Thành Ph? Châu ??c,Urban,Southern area,,Northern area,Intra region,Cross region,Cross region,Intra region t?nh,Cross region t?nh,Cross region t?nh,,,,
An Giang,Huy?n Phú Tân,Rural,Southern area,,Central area,Cross region,Cross region,Intra region,Cross region t?nh,Intra region t?nh,Cross region t?nh,,,,
An Giang,Th? Xã Tân Châu,Rural,Southern area,,Southern area,Cross region,Intra region,Cross region,Cross region t?nh,Cross region t?nh,Intra region t?nh,,,,
An Giang,Huy?n Tho?i S?n,Rural,Southern area,,,,,,,,,,,,
An Giang,Huy?n T?nh Biên,Rural,Southern area,,,,,,,,,,,,
An Giang,Huy?n Tri Tôn,Rural,Southern area,,Table 3: Estimated shipping fee,,,,,,,,,,
Bà R?a - V?ng Tàu,Thành Ph? V?ng Tàu,Urban,Southern area,,,route,,,,,,,,,
Bà R?a - V?ng Tàu,Huy?n Châu ??c,Rural,Southern area,,weight_range,Intra city,Intra region,Intra region t?nh,Cross region,Cross region t?nh,Special same region,,,,
Bà R?a - V?ng Tàu,Huy?n ??t ??,Rural,Southern area,,0-3000 gr,50,51,52,53,54,55,,,,
Bà R?a - V?ng Tàu,Thành Ph? Bà R?a,Urban,Southern area,,3001 - 6000 gr,500,510,520,530,540,550,,,,
Bà R?a - V?ng Tàu,Huy?n Long ?i?n,Rural,Southern area,,6001- 15000 gr,1000,1020,1040,1060,1080,1100,,,,
Bà R?a - V?ng Tàu,Th? xã Phú M?,Rural,Southern area,,>15000 gr,5000,5100,5200,5300,5400,5500,,,,
Bà R?a - V?ng Tàu,Huy?n Xuyên M?c,Rural,Southern area,,,,,,,,,,,,
B?c Giang,Huy?n Hi?p Hòa,Rural,Northern area,,,,,,,,,,,,
B?c Giang,Huy?n L?ng Giang,Rural,Northern area,,,,,,,,,,,,
B?c Giang,Huy?n L?c Nam,Rural,Northern area,,,,,,,,,,,,
B?c Giang,Huy?n L?c Ng?n,Rural,Northern area,,,,,,,,,,,,
B?c Giang,Huy?n S?n ??ng,Rural,Northern area,,,,,,,,,,,,
B?c Giang,Huy?n Tân Yên,Rural,Northern area,,,,,,,,,,,,
B?c Giang,Thành Ph? B?c Giang,Urban,Northern area,,,,,,,,,,,,
B?c Giang,Huy?n Vi?t Yên,Rural,Northern area,,,,,,,,,,,,
B?c Giang,Huy?n Yên D?ng,Rural,Northern area,,,,,,,,,,,,
B?c Giang,Huy?n Yên Th?,Rural,Northern area,,,,,,,,,,,,
B?c K?n,Huy?n Ba B?,Rural,Northern area,,,,,,,,,,,,
B?c K?n,Huy?n B?ch Thông,Rural,Northern area,,,,,,,,,,,,
B?c K?n,Huy?n Ch? ??n,Rural,Northern area,,,,,,,,,,,,
B?c K?n,Huy?n Ch? M?i,Rural,Northern area,,,,,,,,,,,,
B?c K?n,Huy?n Na Rì,Rural,Northern area,,,,,,,,,,,,
B?c K?n,Huy?n Ngân S?n,Rural,Northern area,,,,,,,,,,,,
B?c K?n,Thành Ph? B?c K?n,Urban,Northern area,,,,,,,,,,,,
B?c K?n,Huy?n P?c N?m,Rural,Northern area,,,,,,,,,,,,
B?c Liêu,Thành Ph? B?c Liêu,Urban,Southern area,,,,,,,,,,,,
B?c Liêu,Huy?n ?ông H?i,Rural,Southern area,,,,,,,,,,,,
B?c Liêu,Th? Xã Giá Rai,Rural,Southern area,,,,,,,,,,,,
B?c Liêu,Huy?n Hòa Bình,Rural,Southern area,,,,,,,,,,,,
B?c Liêu,Huy?n H?ng Dân,Rural,Southern area,,,,,,,,,,,,
B?c Liêu,Huy?n Ph??c Long,Rural,Southern area,,,,,,,,,,,,
B?c Liêu,Huy?n V?nh L?i,Rural,Southern area,,,,,,,,,,,,
B?c Ninh,Thành Ph? B?c Ninh,Urban,Northern area,,,,,,,,,,,,
B?c Ninh,Huy?n Gia Bình,Rural,Northern area,,,,,,,,,,,,
B?c Ninh,Huy?n L??ng Tài,Rural,Northern area,,,,,,,,,,,,
B?c Ninh,Th? Xã T? S?n,Rural,Northern area,,,,,,,,,,,,
B?c Ninh,Huy?n Qu? Võ,Rural,Northern area,,,,,,,,,,,,
B?c Ninh,Huy?n Thu?n Thành,Rural,Northern area,,,,,,,,,,,,
B?c Ninh,Huy?n Tiên Du,Rural,Northern area,,,,,,,,,,,,
B?c Ninh,Huy?n Yên Phong,Rural,Northern area,,,,,,,,,,,,
B?n Tre,Thành Ph? B?n Tre,Urban,Southern area,,,,,,,,,,,,
B?n Tre,Huy?n Ba Tri,Rural,Southern area,,,,,,,,,,,,
B?n Tre,Huy?n Bình ??i,Rural,Southern area,,,,,,,,,,,,
B?n Tre,Huy?n Châu Thành,Rural,Southern area,,,,,,,,,,,,
B?n Tre,Huy?n Ch? Lách,Rural,Southern area,,,,,,,,,,,,
B?n Tre,Huy?n Gi?ng Trôm,Rural,Southern area,,,,,,,,,,,,
B?n Tre,Huy?n M? Cày B?c,Rural,Southern area,,,,,,,,,,,,
B?n Tre,Huy?n M? Cày Nam,Rural,Southern area,,,,,,,,,,,,
B?n Tre,Huy?n Th?nh Phú,Rural,Southern area,,,,,,,,,,,,
Bình ??nh,Huy?n An Lão,Rural,Central area,,,,,,,,,,,,
Bình ??nh,Huy?n Hoài Ân,Rural,Central area,,,,,,,,,,,,
Bình ??nh,Huy?n Hoài Nh?n,Rural,Central area,,,,,,,,,,,,
Bình ??nh,Huy?n Phù Cát,Rural,Central area,,,,,,,,,,,,
Bình ??nh,Huy?n Phù M?,Rural,Central area,,,,,,,,,,,,
Bình ??nh,Huyên Tây S?n,Rural,Central area,,,,,,,,,,,,
Bình ??nh,Huy?n Tuy Ph??c,Rural,Central area,,,,,,,,,,,,
Bình ??nh,Huy?n Vân Canh,Rural,Central area,,,,,,,,,,,,
Bình ??nh,Huy?n V?nh Th?nh,Rural,Central area,,,,,,,,,,,,
Bình ??nh,Thành Ph? Quy Nh?n,Urban,Central area,,,,,,,,,,,,
Bình ??nh,Huy?n An Nh?n,Rural,Central area,,,,,,,,,,,,
Bình D??ng,Thành Ph? Th? D?u M?t,Urban,Southern area,,,,,,,,,,,,
Bình D??ng,Th? Xã D? An,Rural,Southern area,,,,,,,,,,,,
Bình D??ng,Th? Xã Thu?n An,Rural,Southern area,,,,,,,,,,,,
Bình D??ng,Th? Xã Tân Uyên,Rural,Southern area,,,,,,,,,,,,
Bình D??ng,Th? Xã B?n Cát,Rural,Southern area,,,,,,,,,,,,
Bình D??ng,Huy?n B?c Tân Uyên,Rural,Southern area,,,,,,,,,,,,
Bình D??ng,Huy?n Bàu Bàng,Rural,Southern area,,,,,,,,,,,,
Bình D??ng,Huy?n D?u Ti?ng,Rural,Southern area,,,,,,,,,,,,
Bình D??ng,Huy?n Phú Giáo,Rural,Southern area,,,,,,,,,,,,
Bình Ph??c,Huy?n Bù ??ng,Rural,Southern area,,,,,,,,,,,,
Bình Ph??c,Huy?n Bù ??p,Rural,Southern area,,,,,,,,,,,,
Bình Ph??c,Huy?n Bù Gia M?p,Rural,Southern area,,,,,,,,,,,,
Bình Ph??c,Th? Xã ??ng Xoài,Urban,Southern area,,,,,,,,,,,,
Bình Ph??c,Huy?n Ch?n Thành,Rural,Southern area,,,,,,,,,,,,
Bình Ph??c,Huy?n ??ng Phú,Rural,Southern area,,,,,,,,,,,,
Bình Ph??c,Th? Xã Bình Long,Rural,Southern area,,,,,,,,,,,,
Bình Ph??c,Th? Xã Ph??c Long,Rural,Southern area,,,,,,,,,,,,
Bình Ph??c,Huy?n H?n Qu?n,Rural,Southern area,,,,,,,,,,,,
Bình Ph??c,Huy?n L?c Ninh,Rural,Southern area,,,,,,,,,,,,
Bình Ph??c,Huy?n Phú Ri?ng,Rural,Southern area,,,,,,,,,,,,
Bình Thu?n,Thành Ph? Phan Thi?t,Urban,Central area,,,,,,,,,,,,
Bình Thu?n,Huy?n B?c Bình,Rural,Central area,,,,,,,,,,,,
Bình Thu?n,Huy?n Phú Quý,Rural,Central area,,,,,,,,,,,,
Bình Thu?n,Th? Xã La Gi,Rural,Central area,,,,,,,,,,,,
Bình Thu?n,Huy?n ??c Linh,Rural,Central area,,,,,,,,,,,,
Bình Thu?n,Huy?n Hàm Tân,Rural,Central area,,,,,,,,,,,,
Bình Thu?n,Huy?n Hàm Thu?n B?c,Rural,Central area,,,,,,,,,,,,
Bình Thu?n,Huy?n Hàm Thu?n Nam,Rural,Central area,,,,,,,,,,,,
Bình Thu?n,Huy?n Tánh Linh,Rural,Central area,,,,,,,,,,,,
Bình Thu?n,Huy?n Tuy Phong,Rural,Central area,,,,,,,,,,,,
Cà Mau,Thành Ph? Cà Mau,Urban,Southern area,,,,,,,,,,,,
Cà Mau,Huy?n Cái N??c,Rural,Southern area,,,,,,,,,,,,
Cà Mau,Huy?n ??m D?i,Rural,Southern area,,,,,,,,,,,,
Cà Mau,Huy?n N?m C?n,Rural,Southern area,,,,,,,,,,,,
Cà Mau,Huy?n Ng?c Hi?n,Rural,Southern area,,,,,,,,,,,,
Cà Mau,Huy?n Phú Tân,Rural,Southern area,,,,,,,,,,,,
Cà Mau,Huy?n Th?i Bình,Rural,Southern area,,,,,,,,,,,,
Cà Mau,Huy?n Tr?n V?n Th?i,Rural,Southern area,,,,,,,,,,,,
Cà Mau,Huy?n U Minh,Rural,Southern area,,,,,,,,,,,,
C?n Th?,Huy?n C? ??,Rural,Southern area,,,,,,,,,,,,
C?n Th?,Huy?n Phong ?i?n,Rural,Southern area,,,,,,,,,,,,
C?n Th?,Huy?n Th?i Lai,Rural,Southern area,,,,,,,,,,,,
C?n Th?,Huy?n V?nh Th?nh,Rural,Southern area,,,,,,,,,,,,
C?n Th?,Qu?n Ninh Ki?u,Urban,Southern area,,,,,,,,,,,,
C?n Th?,Qu?n Bình Th?y,Urban,Southern area,,,,,,,,,,,,
C?n Th?,Qu?n Cái R?ng,Urban,Southern area,,,,,,,,,,,,
C?n Th?,Qu?n Ô Môn,Urban,Southern area,,,,,,,,,,,,
C?n Th?,Qu?n Th?t N?t,Urban,Southern area,,,,,,,,,,,,
Cao B?ng,Thành Ph? Cao B?ng,Urban,Northern area,,,,,,,,,,,,
Cao B?ng,Huy?n B?o L?c,Rural,Northern area,,,,,,,,,,,,
Cao B?ng,Huy?n B?o Lâm,Rural,Northern area,,,,,,,,,,,,
Cao B?ng,Huy?n H? Lang,Rural,Northern area,,,,,,,,,,,,
Cao B?ng,Huy?n Hà Qu?ng,Rural,Northern area,,,,,,,,,,,,
Cao B?ng,Huy?n Hòa An,Rural,Northern area,,,,,,,,,,,,
Cao B?ng,Huy?n Nguyên Bình,Rural,Northern area,,,,,,,,,,,,
Cao B?ng,Huy?n Ph?c Hòa,Rural,Northern area,,,,,,,,,,,,
Cao B?ng,Huy?n Qu?ng Uyên,Rural,Northern area,,,,,,,,,,,,
Cao B?ng,Huy?n Th?ch An,Rural,Northern area,,,,,,,,,,,,
Cao B?ng,Huy?n Thông Nông,Rural,Northern area,,,,,,,,,,,,
Cao B?ng,Huy?n Trà L?nh,Rural,Northern area,,,,,,,,,,,,
Cao B?ng,Huy?n Trùng Khánh,Rural,Northern area,,,,,,,,,,,,
?à N?ng,Qu?n H?i Châu,Urban,?N,,,,,,,,,,,,
?à N?ng,Qu?n Thanh Khê,Urban,?N,,,,,,,,,,,,
?à N?ng,Qu?n S?n Trà,Urban,?N,,,,,,,,,,,,
?à N?ng,Qu?n Ng? Hành S?n,Urban,?N,,,,,,,,,,,,
?à N?ng,Qu?n Liên Chi?u,Urban,?N,,,,,,,,,,,,
?à N?ng,Qu?n C?m L?,Urban,?N,,,,,,,,,,,,
?à N?ng,Huy?n Hòa Vang,Rural,?N,,,,,,,,,,,,
??k L?k,Thành Ph? Buôn Ma Thu?t,Urban,Central area,,,,,,,,,,,,
??k L?k,Huy?n Buôn ?ôn,Rural,Central area,,,,,,,,,,,,
??k L?k,Huy?n C? Kuin,Rural,Central area,,,,,,,,,,,,
??k L?k,Huy?n C? M'Gar,Rural,Central area,,,,,,,,,,,,
??k L?k,Huy?n Ea H'Leo,Rural,Central area,,,,,,,,,,,,
??k L?k,Huy?n Ea Kar,Rural,Central area,,,,,,,,,,,,
??k L?k,Huy?n Ea Súp,Rural,Central area,,,,,,,,,,,,
??k L?k,Huy?n Krông A Na,Rural,Central area,,,,,,,,,,,,
??k L?k,Huy?n Krông Bông,Rural,Central area,,,,,,,,,,,,
??k L?k,Huy?n Krông Búk,Rural,Central area,,,,,,,,,,,,
??k L?k,Th? Xã Buôn H?,Rural,Central area,,,,,,,,,,,,
??k L?k,Huy?n Krông N?ng,Rural,Central area,,,,,,,,,,,,
??k L?k,Huy?n Krông P?k,Rural,Central area,,,,,,,,,,,,
??k L?k,Huy?n L?k,Rural,Central area,,,,,,,,,,,,
??k L?k,Huy?n M'?r?k,Rural,Central area,,,,,,,,,,,,
??k Nông,Huy?n C? Jút,Rural,Central area,,,,,,,,,,,,
??k Nông,Huy?n ??k Glong,Rural,Central area,,,,,,,,,,,,
??k Nông,Huy?n ??k Mil,Rural,Central area,,,,,,,,,,,,
??k Nông,Th? Xã Gia Ngh?a,Rural,Central area,,,,,,,,,,,,
??k Nông,Huy?n ??k Rl?p,Rural,Central area,,,,,,,,,,,,
??k Nông,Huy?n ??k Song,Rural,Central area,,,,,,,,,,,,
??k Nông,Huy?n Krông Nô,Rural,Central area,,,,,,,,,,,,
??k Nông,Huy?n Tuy ??c,Rural,Central area,,,,,,,,,,,,
?i?n Biên,Thành Ph? ?i?n Biên Ph?,Urban,Northern area,,,,,,,,,,,,
?i?n Biên,Huy?n ?i?n Biên,Rural,Northern area,,,,,,,,,,,,
?i?n Biên,Huy?n ?i?n Biên ?ông,Rural,Northern area,,,,,,,,,,,,
?i?n Biên,Huy?n M??ng Áng,Rural,Northern area,,,,,,,,,,,,
?i?n Biên,Huy?n M??ng Chà,Rural,Northern area,,,,,,,,,,,,
?i?n Biên,Huy?n M??ng Nhé,Rural,Northern area,,,,,,,,,,,,
?i?n Biên,Huy?n N?m P?,Rural,Northern area,,,,,,,,,,,,
?i?n Biên,Huy?n T?a Chùa,Rural,Northern area,,,,,,,,,,,,
?i?n Biên,Th? Xã M??ng Lay,Rural,Northern area,,,,,,,,,,,,
?i?n Biên,Huy?n Tu?n Giáo,Rural,Northern area,,,,,,,,,,,,
??ng Nai,Thành Ph? Biên Hòa,Urban,Southern area,,,,,,,,,,,,
??ng Nai,Huy?n C?m M?,Rural,Southern area,,,,,,,,,,,,
??ng Nai,Huy?n ??nh Quán,Rural,Southern area,,,,,,,,,,,,
??ng Nai,Huy?n Long Thành,Rural,Southern area,,,,,,,,,,,,
??ng Nai,Huy?n Nh?n Tr?ch,Rural,Southern area,,,,,,,,,,,,
??ng Nai,Huy?n Tân Phú,Rural,Southern area,,,,,,,,,,,,
??ng Nai,Huy?n Th?ng Nh?t,Rural,Southern area,,,,,,,,,,,,
??ng Nai,Huy?n Tr?ng Bom,Rural,Southern area,,,,,,,,,,,,
??ng Nai,Huy?n V?nh C?u,Rural,Southern area,,,,,,,,,,,,
??ng Nai,Th? Xã Long Khánh,Urban,Southern area,,,,,,,,,,,,
??ng Nai,Huy?n Xuân L?c,Rural,Southern area,,,,,,,,,,,,
??ng Tháp,Thành Ph? Cao Lãnh,Urban,Southern area,,,,,,,,,,,,
??ng Tháp,Huy?n Cao Lãnh,Rural,Southern area,,,,,,,,,,,,
??ng Tháp,Huy?n Châu Thành,Rural,Southern area,,,,,,,,,,,,
??ng Tháp,Huy?n H?ng Ng?,Rural,Southern area,,,,,,,,,,,,
??ng Tháp,Huy?n Lai Vung,Rural,Southern area,,,,,,,,,,,,
??ng Tháp,Thành Ph? Sa ?éc,Urban,Southern area,,,,,,,,,,,,
??ng Tháp,Huy?n L?p Vò,Rural,Southern area,,,,,,,,,,,,
??ng Tháp,Huy?n Tam Nông,Rural,Southern area,,,,,,,,,,,,
??ng Tháp,Huy?n Tân H?ng,Rural,Southern area,,,,,,,,,,,,
??ng Tháp,Huy?n Thanh Bình,Rural,Southern area,,,,,,,,,,,,
??ng Tháp,Huy?n Tháp M??i,Rural,Southern area,,,,,,,,,,,,
??ng Tháp,Th? Xã H?ng Ng?,Rural,Southern area,,,,,,,,,,,,
Gia Lai,Thành Ph? Pleiku,Urban,Central area,,,,,,,,,,,,
Gia Lai,Huy?n Ch? P?h,Rural,Central area,,,,,,,,,,,,
Gia Lai,Huy?n Ch? Prông,Rural,Central area,,,,,,,,,,,,
Gia Lai,Huy?n Ch? P?h,Rural,Central area,,,,,,,,,,,,
Gia Lai,Huy?n Ch? Sê,Rural,Central area,,,,,,,,,,,,
Gia Lai,Huy?n ??k ?oa,Rural,Central area,,,,,,,,,,,,
Gia Lai,Huy?n ??k P?,Rural,Central area,,,,,,,,,,,,
Gia Lai,Huy?n ??c C?,Rural,Central area,,,,,,,,,,,,
Gia Lai,Huy?n Ia Grai,Rural,Central area,,,,,,,,,,,,
Gia Lai,Huy?n Ia Pa,Rural,Central area,,,,,,,,,,,,
Gia Lai,Th? Xã Ayun Pa,Rural,Central area,,,,,,,,,,,,
Gia Lai,Huy?n Kbang,Rural,Central area,,,,,,,,,,,,
Gia Lai,Th? Xã An Khê,Rural,Central area,,,,,,,,,,,,
Gia Lai,Huy?n Kông Chro,Rural,Central area,,,,,,,,,,,,
Gia Lai,Huy?n Krông Pa,Rural,Central area,,,,,,,,,,,,
Gia Lai,Huy?n Mang Yang,Rural,Central area,,,,,,,,,,,,
Gia Lai,Huy?n Phú Thi?n,Rural,Central area,,,,,,,,,,,,
Hà Giang,Thành Ph? Hà Giang,Urban,Northern area,,,,,,,,,,,,
Hà Giang,Huy?n B?c Mê,Rural,Northern area,,,,,,,,,,,,
Hà Giang,Huy?n B?c Quang,Rural,Northern area,,,,,,,,,,,,
Hà Giang,Huy?n ??ng V?n,Rural,Northern area,,,,,,,,,,,,
Hà Giang,Huy?n Hoàng Su Phì,Rural,Northern area,,,,,,,,,,,,
Hà Giang,Huy?n Mèo V?c,Rural,Northern area,,,,,,,,,,,,
Hà Giang,Huy?n Qu?n B?,Rural,Northern area,,,,,,,,,,,,
Hà Giang,Huy?n Quang Bình,Rural,Northern area,,,,,,,,,,,,
Hà Giang,Huy?n V? Xuyên,Rural,Northern area,,,,,,,,,,,,
Hà Giang,Huy?n Xín M?n,Rural,Northern area,,,,,,,,,,,,
Hà Giang,Huy?n Yên Minh,Rural,Northern area,,,,,,,,,,,,
Hà Nam,Th? Xã Ph? Lý,Urban,Northern area,,,,,,,,,,,,
Hà Nam,Huy?n Bình L?c,Rural,Northern area,,,,,,,,,,,,
Hà Nam,Huy?n Duy Tiên,Rural,Northern area,,,,,,,,,,,,
Hà Nam,Huy?n Kim B?ng,Rural,Northern area,,,,,,,,,,,,
Hà Nam,Huy?n Lý Nhân,Rural,Northern area,,,,,,,,,,,,
Hà Nam,Huy?n Thanh Liêm,Rural,Northern area,,,,,,,,,,,,
Hà N?i,Qu?n Hà ?ông,Urban,HN,,,,,,,,,,,,
Hà N?i,Qu?n B?c T? Liêm,Urban,HN,,,,,,,,,,,,
Hà N?i,Qu?n Ba ?ình,Urban,HN,,,,,,,,,,,,
Hà N?i,Qu?n C?u Gi?y,Urban,HN,,,,,,,,,,,,
Hà N?i,Qu?n ??ng ?a,Urban,HN,,,,,,,,,,,,
Hà N?i,Qu?n Hai Bà Tr?ng,Urban,HN,,,,,,,,,,,,
Hà N?i,Qu?n Hoàn Ki?m,Urban,HN,,,,,,,,,,,,
Hà N?i,Qu?n Hoàng Mai,Urban,HN,,,,,,,,,,,,
Hà N?i,Qu?n Long Biên,Urban,HN,,,,,,,,,,,,
Hà N?i,Qu?n Tây H?,Urban,HN,,,,,,,,,,,,
Hà N?i,Qu?n Thanh Xuân,Urban,HN,,,,,,,,,,,,
Hà N?i,Huy?n Ba Vì,Rural,HN,,,,,,,,,,,,
Hà N?i,Huy?n Ch??ng M?,Rural,HN,,,,,,,,,,,,
Hà N?i,Huy?n ?an Ph??ng,Rural,HN,,,,,,,,,,,,
Hà N?i,Huy?n ?ông Anh,Rural,HN,,,,,,,,,,,,
Hà N?i,Huy?n Gia Lâm,Rural,HN,,,,,,,,,,,,
Hà N?i,Th? Xã S?n Tây,Rural,HN,,,,,,,,,,,,
Hà N?i,Qu?n Nam T? Liêm,Urban,HN,,,,,,,,,,,,
Hà N?i,Huy?n Hoài ??c,Rural,HN,,,,,,,,,,,,
Hà N?i,Huy?n Mê Linh,Rural,HN,,,,,,,,,,,,
Hà N?i,Huy?n M? ??c,Rural,HN,,,,,,,,,,,,
Hà N?i,Huy?n Phú Xuyên,Rural,HN,,,,,,,,,,,,
Hà N?i,Huy?n Phúc Th?,Rural,HN,,,,,,,,,,,,
Hà N?i,Huy?n Qu?c Oai,Rural,HN,,,,,,,,,,,,
Hà N?i,Huy?n Sóc S?n,Rural,HN,,,,,,,,,,,,
Hà N?i,Huy?n Th?ch Th?t,Rural,HN,,,,,,,,,,,,
Hà N?i,Huy?n Thanh Oai,Rural,HN,,,,,,,,,,,,
Hà N?i,Huy?n Thanh Trì,Rural,HN,,,,,,,,,,,,
Hà N?i,Huy?n Th??ng Tín,Rural,HN,,,,,,,,,,,,
Hà N?i,Huy?n ?ng Hòa,Rural,HN,,,,,,,,,,,,
Hà T?nh,Thành Ph? Hà T?nh,Urban,Central area,,,,,,,,,,,,
Hà T?nh,Huy?n C?m Xuyên,Rural,Central area,,,,,,,,,,,,
Hà T?nh,Huy?n Can L?c,Rural,Central area,,,,,,,,,,,,
Hà T?nh,Huy?n ??c Th?,Rural,Central area,,,,,,,,,,,,
Hà T?nh,Huy?n H??ng Khê,Rural,Central area,,,,,,,,,,,,
Hà T?nh,Huy?n H??ng S?n,Rural,Central area,,,,,,,,,,,,
Hà T?nh,Th? Xã H?ng L?nh,Rural,Central area,,,,,,,,,,,,
Hà T?nh,Huy?n K? Anh,Rural,Central area,,,,,,,,,,,,
Hà T?nh,Huy?n L?c Hà,Rural,Central area,,,,,,,,,,,,
Hà T?nh,Huy?n Nghi Xuân,Rural,Central area,,,,,,,,,,,,
Hà T?nh,Huy?n Th?ch Hà,Rural,Central area,,,,,,,,,,,,
Hà T?nh,Th? Xã K? Anh,Rural,Central area,,,,,,,,,,,,
Hà T?nh,Huy?n V? Quang,Rural,Central area,,,,,,,,,,,,
H?i D??ng,Huy?n Bình Giang,Rural,Northern area,,,,,,,,,,,,
H?i D??ng,Thành Ph? H?i D??ng,Urban,Northern area,,,,,,,,,,,,
H?i D??ng,Huy?n C?m Giàng,Rural,Northern area,,,,,,,,,,,,
H?i D??ng,Huy?n Gia L?c,Rural,Northern area,,,,,,,,,,,,
H?i D??ng,Huy?n Kim Thành,Rural,Northern area,,,,,,,,,,,,
H?i D??ng,Huy?n Kinh Môn,Rural,Northern area,,,,,,,,,,,,
H?i D??ng,Huy?n Nam Sách,Rural,Northern area,,,,,,,,,,,,
H?i D??ng,Huy?n Ninh Giang,Rural,Northern area,,,,,,,,,,,,
H?i D??ng,Huy?n Thanh Hà,Rural,Northern area,,,,,,,,,,,,
H?i D??ng,Huy?n Thanh Mi?n,Rural,Northern area,,,,,,,,,,,,
H?i D??ng,Huy?n T? K?,Rural,Northern area,,,,,,,,,,,,
H?i D??ng,Th? Xã Chí Linh,Urban,Northern area,,,,,,,,,,,,
H?i Phòng,Qu?n Ngô Quy?n,Urban,Northern area,,,,,,,,,,,,
H?i Phòng,Qu?n Lê Chân,Urban,Northern area,,,,,,,,,,,,
H?i Phòng,Qu?n Ki?n An,Urban,Northern area,,,,,,,,,,,,
H?i Phòng,Qu?n H?i An,Urban,Northern area,,,,,,,,,,,,
H?i Phòng,Qu?n H?ng Bàng,Urban,Northern area,,,,,,,,,,,,
H?i Phòng,Qu?n ?? S?n,Urban,Northern area,,,,,,,,,,,,
H?i Phòng,Huy?n An D??ng,Rural,Northern area,,,,,,,,,,,,
H?i Phòng,Qu?n D??ng Kinh,Urban,Northern area,,,,,,,,,,,,
H?i Phòng,Huy?n An Lão,Rural,Northern area,,,,,,,,,,,,
H?i Phòng,Huy?n ??o B?ch Long V?,Rural,Northern area,,,,,,,,,,,,
H?i Phòng,Huy?n ??o Cát H?i,Rural,Northern area,,,,,,,,,,,,
H?i Phòng,Huy?n Ki?n Th?y,Rural,Northern area,,,,,,,,,,,,
H?i Phòng,Huy?n Th?y Nguyên,Rural,Northern area,,,,,,,,,,,,
H?i Phòng,Huy?n Tiên Lãng,Rural,Northern area,,,,,,,,,,,,
H?i Phòng,Huy?n V?nh B?o,Rural,Northern area,,,,,,,,,,,,
H?u Giang,Th? Xã Long M?,Rural,Southern area,,,,,,,,,,,,
H?u Giang,Thành Ph? V? Thanh,Urban,Southern area,,,,,,,,,,,,
H?u Giang,Th? Xã Ngã B?y,Rural,Southern area,,,,,,,,,,,,
H?u Giang,Huy?n Châu Thành,Rural,Southern area,,,,,,,,,,,,
H?u Giang,Huy?n Châu Thành A,Rural,Southern area,,,,,,,,,,,,
H?u Giang,Huy?n Long M?,Rural,Southern area,,,,,,,,,,,,
H?u Giang,Huy?n Ph?ng Hi?p,Rural,Southern area,,,,,,,,,,,,
H?u Giang,Huy?n V? Th?y,Rural,Southern area,,,,,,,,,,,,
TP. H? Chí Minh,Qu?n 1,Urban,HCM,,,,,,,,,,,,
TP. H? Chí Minh,Qu?n 2,Urban,HCM,,,,,,,,,,,,
TP. H? Chí Minh,Qu?n 3,Urban,HCM,,,,,,,,,,,,
TP. H? Chí Minh,Qu?n 4,Urban,HCM,,,,,,,,,,,,
TP. H? Chí Minh,Qu?n 5,Urban,HCM,,,,,,,,,,,,
TP. H? Chí Minh,Qu?n 6,Urban,HCM,,,,,,,,,,,,
TP. H? Chí Minh,Qu?n 7,Urban,HCM,,,,,,,,,,,,
TP. H? Chí Minh,Qu?n 8,Urban,HCM,,,,,,,,,,,,
TP. H? Chí Minh,Qu?n 9,Urban,HCM,,,,,,,,,,,,
TP. H? Chí Minh,Qu?n 10,Urban,HCM,,,,,,,,,,,,
TP. H? Chí Minh,Qu?n 11,Urban,HCM,,,,,,,,,,,,
TP. H? Chí Minh,Qu?n 12,Urban,HCM,,,,,,,,,,,,
TP. H? Chí Minh,Qu?n Tân Bình,Urban,HCM,,,,,,,,,,,,
TP. H? Chí Minh,Qu?n Tân Phú,Urban,HCM,,,,,,,,,,,,
TP. H? Chí Minh,Qu?n Phú Nhu?n,Urban,HCM,,,,,,,,,,,,
TP. H? Chí Minh,Qu?n Bình Tân,Urban,HCM,,,,,,,,,,,,
TP. H? Chí Minh,Huy?n Hóc Môn,Rural,HCM,,,,,,,,,,,,
TP. H? Chí Minh,Huy?n C? Chi,Rural,HCM,,,,,,,,,,,,
TP. H? Chí Minh,Qu?n Gò V?p,Urban,HCM,,,,,,,,,,,,
TP. H? Chí Minh,Qu?n Bình Th?nh,Urban,HCM,,,,,,,,,,,,
TP. H? Chí Minh,Qu?n Th? ??c,Urban,HCM,,,,,,,,,,,,
TP. H? Chí Minh,Huy?n Bình Chánh,Rural,HCM,,,,,,,,,,,,
TP. H? Chí Minh,Huy?n Nhà Bè,Rural,HCM,,,,,,,,,,,,
TP. H? Chí Minh,Huy?n C?n Gi?,Rural,HCM,,,,,,,,,,,,
Hòa Bình,Thành Ph? Hòa Bình,Urban,Northern area,,,,,,,,,,,,
Hòa Bình,Huy?n Cao Phong,Rural,Northern area,,,,,,,,,,,,
Hòa Bình,Huy?n ?à B?c,Rural,Northern area,,,,,,,,,,,,
Hòa Bình,Huy?n Kim Bôi,Rural,Northern area,,,,,,,,,,,,
Hòa Bình,Huy?n K? S?n,Rural,Northern area,,,,,,,,,,,,
Hòa Bình,Huy?n L?c S?n,Rural,Northern area,,,,,,,,,,,,
Hòa Bình,Huy?n L?c Th?y,Rural,Northern area,,,,,,,,,,,,
Hòa Bình,Huy?n L??ng S?n,Rural,Northern area,,,,,,,,,,,,
Hòa Bình,Huy?n Mai Châu,Rural,Northern area,,,,,,,,,,,,
Hòa Bình,Huy?n Tân L?c,Rural,Northern area,,,,,,,,,,,,
Hòa Bình,Huy?n Yên Th?y,Rural,Northern area,,,,,,,,,,,,
H?ng Yên,Thành Ph? H?ng Yên,Urban,Northern area,,,,,,,,,,,,
H?ng Yên,Huy?n Ân Thi,Rural,Northern area,,,,,,,,,,,,
H?ng Yên,Huy?n Khoái Châu,Rural,Northern area,,,,,,,,,,,,
H?ng Yên,Huy?n Kim ??ng,Rural,Northern area,,,,,,,,,,,,
H?ng Yên,Huy?n M? Hào,Rural,Northern area,,,,,,,,,,,,
H?ng Yên,Huy?n Phù C?,Rural,Northern area,,,,,,,,,,,,
H?ng Yên,Huy?n Tiên L?,Rural,Northern area,,,,,,,,,,,,
H?ng Yên,Huy?n V?n Giang,Rural,Northern area,,,,,,,,,,,,
H?ng Yên,Huy?n V?n Lâm,Rural,Northern area,,,,,,,,,,,,
H?ng Yên,Huy?n Yên M?,Rural,Northern area,,,,,,,,,,,,
Khánh Hòa,Thành Ph? Nha Trang,Urban,Central area,,,,,,,,,,,,
Khánh Hòa,Thành Ph? Cam Ranh,Urban,Central area,,,,,,,,,,,,
Khánh Hòa,Huy?n Cam Lâm,Rural,Central area,,,,,,,,,,,,
Khánh Hòa,Huy?n Diên Khánh,Rural,Central area,,,,,,,,,,,,
Khánh Hòa,Huy?n Khánh S?n,Rural,Central area,,,,,,,,,,,,
Khánh Hòa,Huy?n Khánh V?nh,Rural,Central area,,,,,,,,,,,,
Khánh Hòa,Th? Xã Ninh Hòa,Rural,Central area,,,,,,,,,,,,
Khánh Hòa,Huy?n V?n Ninh,Rural,Central area,,,,,,,,,,,,
Kiên Giang,Thành Ph? R?ch Giá,Urban,Southern area,,,,,,,,,,,,
Kiên Giang,Huy?n An Biên,Rural,Southern area,,,,,,,,,,,,
Kiên Giang,Huy?n An Minh,Rural,Southern area,,,,,,,,,,,,
Kiên Giang,Huy?n Châu Thành,Rural,Southern area,,,,,,,,,,,,
Kiên Giang,Huy?n Phú Qu?c,Rural,Southern area,,,,,,,,,,,,
Kiên Giang,Huyên Giang Thành,Rural,Southern area,,,,,,,,,,,,
Kiên Giang,Huy?n Gi?ng Ri?ng,Rural,Southern area,,,,,,,,,,,,
Kiên Giang,Huy?n Gò Quao,Rural,Southern area,,,,,,,,,,,,
Kiên Giang,Huy?n Hòn ??t,Rural,Southern area,,,,,,,,,,,,
Kiên Giang,Huy?n Kiên H?i,Rural,Southern area,,,,,,,,,,,,
Kiên Giang,Huy?n Kiên L??ng,Rural,Southern area,,,,,,,,,,,,
Kiên Giang,Huy?n Tân Hi?p,Rural,Southern area,,,,,,,,,,,,
Kiên Giang,Th? Xã Hà Tiên,Urban,Southern area,,,,,,,,,,,,
Kiên Giang,Huy?n U Minh Th??ng,Rural,Southern area,,,,,,,,,,,,
Kiên Giang,Huy?n V?nh Thu?n,Rural,Southern area,,,,,,,,,,,,
Kon Tum,Huy?n ??k Glei,Rural,Central area,,,,,,,,,,,,
Kon Tum,Huy?n ??k Hà,Rural,Central area,,,,,,,,,,,,
Kon Tum,Huy?n ??k Tô,Rural,Central area,,,,,,,,,,,,
Kon Tum,Huy?n Ia H' Drai,Rural,Central area,,,,,,,,,,,,
Kon Tum,Huy?n Kon Plông,Rural,Central area,,,,,,,,,,,,
Kon Tum,Huy?n Kon R?y,Rural,Central area,,,,,,,,,,,,
Kon Tum,Huy?n Ng?c H?i,Rural,Central area,,,,,,,,,,,,
Kon Tum,Thành Ph? Kon Tum,Urban,Central area,,,,,,,,,,,,
Kon Tum,Huy?n Sa Th?y,Rural,Central area,,,,,,,,,,,,
Kon Tum,Huy?n Tu M? Rông,Rural,Central area,,,,,,,,,,,,
Lai Châu,Thành Ph? Lai Châu,Urban,Northern area,,,,,,,,,,,,
Lai Châu,Huy?n M??ng Tè,Rural,Northern area,,,,,,,,,,,,
Lai Châu,Huy?n N?m Nhùn,Rural,Northern area,,,,,,,,,,,,
Lai Châu,Huy?n Phong Th?,Rural,Northern area,,,,,,,,,,,,
Lai Châu,Huy?n Sìn H?,Rural,Northern area,,,,,,,,,,,,
Lai Châu,Huy?n Tam ???ng,Rural,Northern area,,,,,,,,,,,,
Lai Châu,Huy?n Tân Uyên,Rural,Northern area,,,,,,,,,,,,
Lai Châu,Huy?n Than Uyên,Rural,Northern area,,,,,,,,,,,,
Lâm ??ng,Huy?n B?o Lâm,Rural,Central area,,,,,,,,,,,,
Lâm ??ng,Huy?n Cát Tiên,Rural,Central area,,,,,,,,,,,,
Lâm ??ng,Huy?n ?? Huoai,Rural,Central area,,,,,,,,,,,,
Lâm ??ng,Huy?n ?? T?h,Rural,Central area,,,,,,,,,,,,
Lâm ??ng,Huy?n ?am Rông,Rural,Central area,,,,,,,,,,,,
Lâm ??ng,Huy?n Di Linh,Rural,Central area,,,,,,,,,,,,
Lâm ??ng,Huy?n ??n D??ng,Rural,Central area,,,,,,,,,,,,
Lâm ??ng,Huy?n ??c Tr?ng,Rural,Central area,,,,,,,,,,,,
Lâm ??ng,Huy?n L?c D??ng,Rural,Central area,,,,,,,,,,,,
Lâm ??ng,Huy?n Lâm Hà,Rural,Central area,,,,,,,,,,,,
Lâm ??ng,Thành Ph? ?à L?t,Urban,Central area,,,,,,,,,,,,
Lâm ??ng,Thành Ph? B?o L?c,Urban,Central area,,,,,,,,,,,,
L?ng S?n,Thành Ph? L?ng S?n,Urban,Northern area,,,,,,,,,,,,
L?ng S?n,Huy?n B?c S?n,Rural,Northern area,,,,,,,,,,,,
L?ng S?n,Huy?n Bình Gia,Rural,Northern area,,,,,,,,,,,,
L?ng S?n,Huy?n Cao L?c,Rural,Northern area,,,,,,,,,,,,
L?ng S?n,Huy?n Chi L?ng,Rural,Northern area,,,,,,,,,,,,
L?ng S?n,Huy?n ?ình L?p,Rural,Northern area,,,,,,,,,,,,
L?ng S?n,Huy?n H?u L?ng,Rural,Northern area,,,,,,,,,,,,
L?ng S?n,Huy?n L?c Bình,Rural,Northern area,,,,,,,,,,,,
L?ng S?n,Huy?n Tràng ??nh,Rural,Northern area,,,,,,,,,,,,
L?ng S?n,Huy?n V?n Lãng,Rural,Northern area,,,,,,,,,,,,
L?ng S?n,Huy?n V?n Quan,Rural,Northern area,,,,,,,,,,,,
Lào Cai,Thành Ph? Lào Cai,Urban,Northern area,,,,,,,,,,,,
Lào Cai,Huy?n B?c Hà,Rural,Northern area,,,,,,,,,,,,
Lào Cai,Huy?n B?o Th?ng,Rural,Northern area,,,,,,,,,,,,
Lào Cai,Huy?n B?o Yên,Rural,Northern area,,,,,,,,,,,,
Lào Cai,Huy?n Bát Xát,Rural,Northern area,,,,,,,,,,,,
Lào Cai,Huy?n M??ng Kh??ng,Rural,Northern area,,,,,,,,,,,,
Lào Cai,Huy?n Sa Pa,Rural,Northern area,,,,,,,,,,,,
Lào Cai,Huy?n V?n Bàn,Rural,Northern area,,,,,,,,,,,,
Lào Cai,Huy?n Si Ma Cai,Rural,Northern area,,,,,,,,,,,,
Long An,Thành Ph? Tân An,Urban,Southern area,,,,,,,,,,,,
Long An,Huy?n B?n L?c,Rural,Southern area,,,,,,,,,,,,
Long An,Huy?n C?n ???c,Rural,Southern area,,,,,,,,,,,,
Long An,Huy?n C?n Gu?c,Rural,Southern area,,,,,,,,,,,,
Long An,Huy?n Châu Thành,Rural,Southern area,,,,,,,,,,,,
Long An,Huy?n ??c Hòa,Rural,Southern area,,,,,,,,,,,,
Long An,Huy?n ??c Hu?,Rural,Southern area,,,,,,,,,,,,
Long An,Huy?n M?c Hóa,Rural,Southern area,,,,,,,,,,,,
Long An,Huy?n Tân H?ng,Rural,Southern area,,,,,,,,,,,,
Long An,Huy?n Tân Th?nh,Rural,Southern area,,,,,,,,,,,,
Long An,Huy?n Tân Tr?,Rural,Southern area,,,,,,,,,,,,
Long An,Huy?n Th?nh Hóa,Rural,Southern area,,,,,,,,,,,,
Long An,Th? Xã Ki?n T??ng,Rural,Southern area,,,,,,,,,,,,
Long An,Huy?n Th? Th?a,Rural,Southern area,,,,,,,,,,,,
Long An,Huy?n V?nh H?ng,Rural,Southern area,,,,,,,,,,,,
Nam ??nh,Thành Ph? Nam ??nh,Urban,Northern area,,,,,,,,,,,,
Nam ??nh,Huy?n Giao Th?y,Rural,Northern area,,,,,,,,,,,,
Nam ??nh,Huy?n H?i H?u,Rural,Northern area,,,,,,,,,,,,
Nam ??nh,Huy?n M? L?c,Rural,Northern area,,,,,,,,,,,,
Nam ??nh,Huy?n Nam Tr?c,Rural,Northern area,,,,,,,,,,,,
Nam ??nh,Huy?n Ngh?a H?ng,Rural,Northern area,,,,,,,,,,,,
Nam ??nh,Huy?n Tr?c Ninh,Rural,Northern area,,,,,,,,,,,,
Nam ??nh,Huy?n V? B?n,Rural,Northern area,,,,,,,,,,,,
Nam ??nh,Huy?n Xuân Tr??ng,Rural,Northern area,,,,,,,,,,,,
Nam ??nh,Huy?n Ý Yên,Rural,Northern area,,,,,,,,,,,,
Ngh? An,Thành Ph? Vinh,Urban,Central area,,,,,,,,,,,,
Ngh? An,Th? Xã C?a Lò,Rural,Central area,,,,,,,,,,,,
Ngh? An,Huy?n Anh S?n,Rural,Central area,,,,,,,,,,,,
Ngh? An,Huy?n Con Cuông,Rural,Central area,,,,,,,,,,,,
Ngh? An,Huy?n Di?n Châu,Rural,Central area,,,,,,,,,,,,
Ngh? An,Huy?n ?ô L??ng,Rural,Central area,,,,,,,,,,,,
Ngh? An,Huy?n H?ng Nguyên,Rural,Central area,,,,,,,,,,,,
Ngh? An,Huy?n K? S?n,Rural,Central area,,,,,,,,,,,,
Ngh? An,Th? Xã Hoàng Mai,Rural,Central area,,,,,,,,,,,,
Ngh? An,Th? Xã Thái Hòa,Rural,Central area,,,,,,,,,,,,
Ngh? An,Huy?n Nam ?àn,Rural,Central area,,,,,,,,,,,,
Ngh? An,Huy?n Nghi L?c,Rural,Central area,,,,,,,,,,,,
Ngh? An,Huy?n Ngh?a ?àn,Rural,Central area,,,,,,,,,,,,
Ngh? An,Huy?n Qu? Phong,Rural,Central area,,,,,,,,,,,,
Ngh? An,Huy?n Qu? Châu,Rural,Central area,,,,,,,,,,,,
Ngh? An,Huy?n Qu? H?p,Rural,Central area,,,,,,,,,,,,
Ngh? An,Huy?n Qu?nh L?u,Rural,Central area,,,,,,,,,,,,
Ngh? An,Huy?n Tân K?,Rural,Central area,,,,,,,,,,,,
Ngh? An,Huy?n Thanh Ch??ng,Rural,Central area,,,,,,,,,,,,
Ngh? An,Huy?n T??ng D??ng,Rural,Central area,,,,,,,,,,,,
Ngh? An,Huy?n Yên Thành,Rural,Central area,,,,,,,,,,,,
Ninh Bình,Thành Ph? Tam ?i?p,Urban,Northern area,,,,,,,,,,,,
Ninh Bình,Huy?n Gia Vi?n,Rural,Northern area,,,,,,,,,,,,
Ninh Bình,Huy?n Hoa L?,Rural,Northern area,,,,,,,,,,,,
Ninh Bình,Huy?n Kim S?n,Rural,Northern area,,,,,,,,,,,,
Ninh Bình,Huy?n Nho Quan,Rural,Northern area,,,,,,,,,,,,
Ninh Bình,Thành Ph? Ninh Bình,Urban,Northern area,,,,,,,,,,,,
Ninh Bình,Huy?n Yên Khánh,Rural,Northern area,,,,,,,,,,,,
Ninh Bình,Huy?n Yên Mô,Rural,Northern area,,,,,,,,,,,,
Ninh Thu?n,Huy?n Bác Ái,Rural,Central area,,,,,,,,,,,,
Ninh Thu?n,Thành Ph? Phan Rang-Tháp Chàm,Urban,Central area,,,,,,,,,,,,
Ninh Thu?n,Huy?n Ninh H?i,Rural,Central area,,,,,,,,,,,,
Ninh Thu?n,Huy?n Ninh Ph??c,Rural,Central area,,,,,,,,,,,,
Ninh Thu?n,Huy?n Ninh S?n,Rural,Central area,,,,,,,,,,,,
Ninh Thu?n,Huy?n Thu?n B?c,Rural,Central area,,,,,,,,,,,,
Ninh Thu?n,Huy?n Thu?n Nam,Rural,Central area,,,,,,,,,,,,
Phú Th?,Thành Ph? Vi?t Trì,Urban,Northern area,,,,,,,,,,,,
Phú Th?,Huy?n C?m Khê,Rural,Northern area,,,,,,,,,,,,
Phú Th?,Huy?n ?oan Hùng,Rural,Northern area,,,,,,,,,,,,
Phú Th?,Huy?n H? Hòa,Rural,Northern area,,,,,,,,,,,,
Phú Th?,Huy?n Lâm Thao,Rural,Northern area,,,,,,,,,,,,
Phú Th?,Huy?n Phù Ninh,Rural,Northern area,,,,,,,,,,,,
Phú Th?,Huy?n Tam Nông,Rural,Northern area,,,,,,,,,,,,
Phú Th?,Huy?n Tân S?n,Rural,Northern area,,,,,,,,,,,,
Phú Th?,Huy?n Thanh Ba,Rural,Northern area,,,,,,,,,,,,
Phú Th?,Huy?n Thanh S?n,Rural,Northern area,,,,,,,,,,,,
Phú Th?,Huy?n Thanh Th?y,Rural,Northern area,,,,,,,,,,,,
Phú Th?,Huy?n Yên L?p,Rural,Northern area,,,,,,,,,,,,
Phú Th?,Thi Xã Phú Th?,Rural,Northern area,,,,,,,,,,,,
Phú Yên,Th? Xã Sông C?u,Rural,Central area,,,,,,,,,,,,
Phú Yên,Huy?n ?ông Hòa,Rural,Central area,,,,,,,,,,,,
Phú Yên,Huy?n ??ng Xuân,Rural,Central area,,,,,,,,,,,,
Phú Yên,Huy?n Phú Hòa,Rural,Central area,,,,,,,,,,,,
Phú Yên,Huy?n S?n Hòa,Rural,Central area,,,,,,,,,,,,
Phú Yên,Huy?n Sông Hinh,Rural,Central area,,,,,,,,,,,,
Phú Yên,Thành Ph? Tuy Hòa,Urban,Central area,,,,,,,,,,,,
Phú Yên,Huy?n Tây Hòa,Rural,Central area,,,,,,,,,,,,
Phú Yên,Huy?n Tuy An,Rural,Central area,,,,,,,,,,,,
Qu?ng Bình,Thành Ph? ??ng H?i,Urban,Central area,,,,,,,,,,,,
Qu?ng Bình,Huy?n B? Tr?ch,Rural,Central area,,,,,,,,,,,,
Qu?ng Bình,Huy?n L? Th?y,Rural,Central area,,,,,,,,,,,,
Qu?ng Bình,Th? Xã Ba ??n,Rural,Central area,,,,,,,,,,,,
Qu?ng Bình,Huy?n Minh Hóa,Rural,Central area,,,,,,,,,,,,
Qu?ng Bình,Huy?n Qu?ng Ninh,Rural,Central area,,,,,,,,,,,,
Qu?ng Bình,Huy?n Qu?ng Tr?ch,Rural,Central area,,,,,,,,,,,,
Qu?ng Bình,Huy?n Tuyên Hóa,Rural,Central area,,,,,,,,,,,,
Qu?ng Nam,Thành Ph? Tam K?,Urban,Central area,,,,,,,,,,,,
Qu?ng Nam,Thành Ph? H?i An,Urban,Central area,,,,,,,,,,,,
Qu?ng Nam,Huy?n B?c Trà My,Rural,Central area,,,,,,,,,,,,
Qu?ng Nam,Huy?n ??i L?c,Rural,Central area,,,,,,,,,,,,
Qu?ng Nam,Th? Xã ?i?n Bàn,Rural,Central area,,,,,,,,,,,,
Qu?ng Nam,Huy?n ?ông Giang,Rural,Central area,,,,,,,,,,,,
Qu?ng Nam,Huy?n Duy Xuyên,Rural,Central area,,,,,,,,,,,,
Qu?ng Nam,Huy?n Hi?p ??c,Rural,Central area,,,,,,,,,,,,
Qu?ng Nam,Huy?n Nam Giang,Rural,Central area,,,,,,,,,,,,
Qu?ng Nam,Huy?n Nam Trà My,Rural,Central area,,,,,,,,,,,,
Qu?ng Nam,Huy?n Nông S?n,Rural,Central area,,,,,,,,,,,,
Qu?ng Nam,Huy?n Núi Thành,Rural,Central area,,,,,,,,,,,,
Qu?ng Nam,Huy?n Phú Ninh,Rural,Central area,,,,,,,,,,,,
Qu?ng Nam,Huy?n Ph??c S?n,Rural,Central area,,,,,,,,,,,,
Qu?ng Nam,Huy?n Qu? S?n,Rural,Central area,,,,,,,,,,,,
Qu?ng Nam,Huy?n Tây Giang,Rural,Central area,,,,,,,,,,,,
Qu?ng Nam,Huy?n Th?ng Bình,Rural,Central area,,,,,,,,,,,,
Qu?ng Nam,Huy?n Tiên Ph??c,Rural,Central area,,,,,,,,,,,,
Qu?ng Ngãi,Thành Ph? Qu?ng Ngãi,Urban,Central area,,,,,,,,,,,,
Qu?ng Ngãi,Huy?n Ba T?,Rural,Central area,,,,,,,,,,,,
Qu?ng Ngãi,Huy?n Bình S?n,Rural,Central area,,,,,,,,,,,,
Qu?ng Ngãi,Huy?n ??c Ph?,Rural,Central area,,,,,,,,,,,,
Qu?ng Ngãi,Huy?n Lý S?n,Rural,Central area,,,,,,,,,,,,
Qu?ng Ngãi,Huy?n Minh Long,Rural,Central area,,,,,,,,,,,,
Qu?ng Ngãi,Huy?n M? ??c,Rural,Central area,,,,,,,,,,,,
Qu?ng Ngãi,Huy?n Ngh?a Hành,Rural,Central area,,,,,,,,,,,,
Qu?ng Ngãi,Huy?n S?n Hà,Rural,Central area,,,,,,,,,,,,
Qu?ng Ngãi,Huy?n S?n Tây,Rural,Central area,,,,,,,,,,,,
Qu?ng Ngãi,Huy?n S?n T?nh,Rural,Central area,,,,,,,,,,,,
Qu?ng Ngãi,Huy?n Tây Trà,Rural,Central area,,,,,,,,,,,,
Qu?ng Ngãi,Huy?n Trà B?ng,Rural,Central area,,,,,,,,,,,,
Qu?ng Ngãi,Huy?n T? Ngh?a,Rural,Central area,,,,,,,,,,,,
Qu?ng Ninh,Thành Ph? C?m Ph?,Urban,Northern area,,,,,,,,,,,,
Qu?ng Ninh,Thành Ph? Uông Bí,Urban,Northern area,,,,,,,,,,,,
Qu?ng Ninh,Thành Ph? Móng Cái,Urban,Northern area,,,,,,,,,,,,
Qu?ng Ninh,Thành Ph? H? Long,Urban,Northern area,,,,,,,,,,,,
Qu?ng Ninh,Huy?n Ba Ch?,Rural,Northern area,,,,,,,,,,,,
Qu?ng Ninh,Huy?n Bình Liêu,Rural,Northern area,,,,,,,,,,,,
Qu?ng Ninh,Huy?n ??m Hà,Rural,Northern area,,,,,,,,,,,,
Qu?ng Ninh,Huy?n Cô Tô,Rural,Northern area,,,,,,,,,,,,
Qu?ng Ninh,Huy?n Vân ??n,Rural,Northern area,,,,,,,,,,,,
Qu?ng Ninh,Th? Xã ?ông Tri?u,Rural,Northern area,,,,,,,,,,,,
Qu?ng Ninh,Huy?n H?i Hà,Rural,Northern area,,,,,,,,,,,,
Qu?ng Ninh,Huy?n Hoành B?,Rural,Northern area,,,,,,,,,,,,
Qu?ng Ninh,Th? Xã Qu?ng Yên,Rural,Northern area,,,,,,,,,,,,
Qu?ng Ninh,Huy?n Tiên Yên,Rural,Northern area,,,,,,,,,,,,
Qu?ng Tr?,Thành Ph? ?ông Hà,Urban,Central area,,,,,,,,,,,,
Qu?ng Tr?,Th? Xã Qu?ng Tr?,Rural,Central area,,,,,,,,,,,,
Qu?ng Tr?,Huy?n Cam L?,Rural,Central area,,,,,,,,,,,,
Qu?ng Tr?,Huy?n C?n C?,Rural,Central area,,,,,,,,,,,,
Qu?ng Tr?,Huy?n ?a Krông,Rural,Central area,,,,,,,,,,,,
Qu?ng Tr?,Huy?n Gio Linh,Rural,Central area,,,,,,,,,,,,
Qu?ng Tr?,Huy?n H?i L?ng,Rural,Central area,,,,,,,,,,,,
Qu?ng Tr?,Huy?n H??ng Hóa,Rural,Central area,,,,,,,,,,,,
Qu?ng Tr?,Huy?n Tri?u Phong,Rural,Central area,,,,,,,,,,,,
Qu?ng Tr?,Huy?n V?nh Linh,Rural,Central area,,,,,,,,,,,,
Sóc Tr?ng,Thành Ph? Sóc Tr?ng,Urban,Southern area,,,,,,,,,,,,
Sóc Tr?ng,Huy?n Châu Thành,Rural,Southern area,,,,,,,,,,,,
Sóc Tr?ng,Huy?n Cù Lao Dung,Rural,Southern area,,,,,,,,,,,,
Sóc Tr?ng,Huy?n K? Sách,Rural,Southern area,,,,,,,,,,,,
Sóc Tr?ng,Huy?n Long Phú,Rural,Southern area,,,,,,,,,,,,
Sóc Tr?ng,Th? Xã V?nh Châu,Rural,Southern area,,,,,,,,,,,,
Sóc Tr?ng,Huy?n M? Tú,Rural,Southern area,,,,,,,,,,,,
Sóc Tr?ng,Huy?n M? Xuyên,Rural,Southern area,,,,,,,,,,,,
Sóc Tr?ng,Huy?n Th?nh Tr?,Rural,Southern area,,,,,,,,,,,,
Sóc Tr?ng,Th? Xã Ngã N?m,Rural,Southern area,,,,,,,,,,,,
Sóc Tr?ng,Huy?n Tr?n ??,Rural,Southern area,,,,,,,,,,,,
S?n La,Thành Ph? S?n La,Urban,Northern area,,,,,,,,,,,,
S?n La,Huy?n B?c Yên,Rural,Northern area,,,,,,,,,,,,
S?n La,Huy?n Mai S?n,Rural,Northern area,,,,,,,,,,,,
S?n La,Huy?n M?c Châu,Rural,Northern area,,,,,,,,,,,,
S?n La,Huy?n M??ng La,Rural,Northern area,,,,,,,,,,,,
S?n La,Huy?n Phù Yên,Rural,Northern area,,,,,,,,,,,,
S?n La,Huy?n Qu?nh Nhai,Rural,Northern area,,,,,,,,,,,,
S?n La,Huy?n Sông Mã,Rural,Northern area,,,,,,,,,,,,
S?n La,Huy?n S?p C?p,Rural,Northern area,,,,,,,,,,,,
S?n La,Huy?n Thu?n Châu,Rural,Northern area,,,,,,,,,,,,
S?n La,Huy?n Vân H?,Rural,Northern area,,,,,,,,,,,,
S?n La,Huy?n Yên Châu,Rural,Northern area,,,,,,,,,,,,
Tây Ninh,Huy?n B?n C?u,Rural,Southern area,,,,,,,,,,,,
Tây Ninh,Huy?n Châu Thành,Rural,Southern area,,,,,,,,,,,,
Tây Ninh,Huy?n D??ng Minh Châu,Rural,Southern area,,,,,,,,,,,,
Tây Ninh,Huy?n Gò D?u,Rural,Southern area,,,,,,,,,,,,
Tây Ninh,Huy?n Hòa Thành,Rural,Southern area,,,,,,,,,,,,
Tây Ninh,Huy?n Tân Biên,Rural,Southern area,,,,,,,,,,,,
Tây Ninh,Huy?n Tân Châu,Rural,Southern area,,,,,,,,,,,,
Tây Ninh,Thành Ph? Tây Ninh,Urban,Southern area,,,,,,,,,,,,
Tây Ninh,Huy?n Tr?ng Bàng,Rural,Southern area,,,,,,,,,,,,
Thái Bình,Huy?n ?ông H?ng,Rural,Northern area,,,,,,,,,,,,
Thái Bình,Huy?n H?ng Hà,Rural,Northern area,,,,,,,,,,,,
Thái Bình,Thành Ph? Thái Bình,Urban,Northern area,,,,,,,,,,,,
Thái Bình,Huy?n Ki?n X??ng,Rural,Northern area,,,,,,,,,,,,
Thái Bình,Huy?n Qu?nh Ph?,Rural,Northern area,,,,,,,,,,,,
Thái Bình,Huy?n Thái Th?y,Rural,Northern area,,,,,,,,,,,,
Thái Bình,Huy?n Ti?n H?i,Rural,Northern area,,,,,,,,,,,,
Thái Bình,Huy?n V? Th?,Rural,Northern area,,,,,,,,,,,,
Thái Nguyên,Huy?n ??i T?,Rural,Northern area,,,,,,,,,,,,
Thái Nguyên,Huy?n ??nh Hóa,Rural,Northern area,,,,,,,,,,,,
Thái Nguyên,Thành Ph? Thái Nguyên,Urban,Northern area,,,,,,,,,,,,
Thái Nguyên,Thành Ph? Sông Công,Urban,Northern area,,,,,,,,,,,,
Thái Nguyên,Huy?n ??ng H?,Rural,Northern area,,,,,,,,,,,,
Thái Nguyên,Th? Xã Ph? Yên,Rural,Northern area,,,,,,,,,,,,
Thái Nguyên,Huy?n Phú Bình,Rural,Northern area,,,,,,,,,,,,
Thái Nguyên,Huy?n Phú L??ng,Rural,Northern area,,,,,,,,,,,,
Thái Nguyên,Huy?n Võ Nhai,Rural,Northern area,,,,,,,,,,,,
Thanh Hóa,Thành Ph? Thanh Hóa,Urban,Central area,,,,,,,,,,,,
Thanh Hóa,Th? Xã S?m S?n,Urban,Central area,,,,,,,,,,,,
Thanh Hóa,Huy?n Bá Th??c,Rural,Central area,,,,,,,,,,,,
Thanh Hóa,Huy?n C?m Th?y,Rural,Central area,,,,,,,,,,,,
Thanh Hóa,Huy?n ?ông S?n,Rural,Central area,,,,,,,,,,,,
Thanh Hóa,Huy?n Hà Trung,Rural,Central area,,,,,,,,,,,,
Thanh Hóa,Huy?n H?u L?c,Rural,Central area,,,,,,,,,,,,
Thanh Hóa,Huy?n Ho?ng Hóa,Rural,Central area,,,,,,,,,,,,
Thanh Hóa,Th? Xã B?m S?n,Rural,Central area,,,,,,,,,,,,
Thanh Hóa,Huy?n Lang Chánh,Rural,Central area,,,,,,,,,,,,
Thanh Hóa,Huy?n M??ng Lát,Rural,Central area,,,,,,,,,,,,
Thanh Hóa,Huy?n Nga S?n,Rural,Central area,,,,,,,,,,,,
Thanh Hóa,Huy?n Ng?c L?c,Rural,Central area,,,,,,,,,,,,
Thanh Hóa,Huy?n Nh? Thanh,Rural,Central area,,,,,,,,,,,,
Thanh Hóa,Huy?n Nh? Xuân,Rural,Central area,,,,,,,,,,,,
Thanh Hóa,Huy?n Nông C?ng,Rural,Central area,,,,,,,,,,,,
Thanh Hóa,Huy?n Quan Hóa,Rural,Central area,,,,,,,,,,,,
Thanh Hóa,Huy?n Quan S?n,Rural,Central area,,,,,,,,,,,,
Thanh Hóa,Huy?n Qu?ng X??ng,Rural,Central area,,,,,,,,,,,,
Thanh Hóa,Huy?n Th?ch Thành,Rural,Central area,,,,,,,,,,,,
Thanh Hóa,Huy?n Thi?u Hóa,Rural,Central area,,,,,,,,,,,,
Thanh Hóa,Huy?n Th? Xuân,Rural,Central area,,,,,,,,,,,,
Thanh Hóa,Huy?n Th??ng Xuân,Rural,Central area,,,,,,,,,,,,
Thanh Hóa,Huy?n T?nh Gia,Rural,Central area,,,,,,,,,,,,
Thanh Hóa,Huy?n Tri?u S?n,Rural,Central area,,,,,,,,,,,,
Thanh Hóa,Huy?n V?nh L?c,Rural,Central area,,,,,,,,,,,,
Thanh Hóa,Huy?n Yên ??nh,Rural,Central area,,,,,,,,,,,,
Th?a Thiên Hu?,Thành Ph? Hu?,Urban,Central area,,,,,,,,,,,,
Th?a Thiên Hu?,Huy?n A L??i,Rural,Central area,,,,,,,,,,,,
Th?a Thiên Hu?,Huy?n Nam ?ông,Rural,Central area,,,,,,,,,,,,
Th?a Thiên Hu?,Huy?n Phong ?i?n,Rural,Central area,,,,,,,,,,,,
Th?a Thiên Hu?,Huy?n Phú L?c,Rural,Central area,,,,,,,,,,,,
Th?a Thiên Hu?,Th? Xã H??ng Trà,Rural,Central area,,,,,,,,,,,,
Th?a Thiên Hu?,Th? Xã H??ng Th?y,Rural,Central area,,,,,,,,,,,,
Th?a Thiên Hu?,Huy?n Phú Vang,Rural,Central area,,,,,,,,,,,,
Th?a Thiên Hu?,Huy?n Qu?ng ?i?n,Rural,Central area,,,,,,,,,,,,
Ti?n Giang,Thành Ph? M? Tho,Urban,Southern area,,,,,,,,,,,,
Ti?n Giang,Huy?n Cái Bè,Rural,Southern area,,,,,,,,,,,,
Ti?n Giang,Huy?n Cai L?y,Rural,Southern area,,,,,,,,,,,,
Ti?n Giang,Huy?n Châu Thành,Rural,Southern area,,,,,,,,,,,,
Ti?n Giang,Huy?n Ch? G?o,Rural,Southern area,,,,,,,,,,,,
Ti?n Giang,Huy?n Gò Công ?ông,Rural,Southern area,,,,,,,,,,,,
Ti?n Giang,Huy?n Gò Công Tây,Rural,Southern area,,,,,,,,,,,,
Ti?n Giang,Huy?n Tân Phú ?ông,Rural,Southern area,,,,,,,,,,,,
Ti?n Giang,Th? Xã Cai L?y,Rural,Southern area,,,,,,,,,,,,
Ti?n Giang,Th? Xã Gò Công,Rural,Southern area,,,,,,,,,,,,
Ti?n Giang,Huy?n Tân Ph??c,Rural,Southern area,,,,,,,,,,,,
Trà Vinh,Thành Ph? Trà Vinh,Urban,Southern area,,,,,,,,,,,,
Trà Vinh,Huy?n Càng Long,Rural,Southern area,,,,,,,,,,,,
Trà Vinh,Huy?n C?u Kè,Rural,Southern area,,,,,,,,,,,,
Trà Vinh,Huy?n C?u Ngang,Rural,Southern area,,,,,,,,,,,,
Trà Vinh,Huy?n Châu Thành,Rural,Southern area,,,,,,,,,,,,
Trà Vinh,Huy?n Duyên H?i,Rural,Southern area,,,,,,,,,,,,
Trà Vinh,Th? Xã Duyên H?i,Rural,Southern area,,,,,,,,,,,,
Trà Vinh,Huy?n Ti?u C?n,Rural,Southern area,,,,,,,,,,,,
Trà Vinh,Huy?n Trà Cú,Rural,Southern area,,,,,,,,,,,,
Tuyên Quang,Huy?n Chiêm Hóa,Rural,Northern area,,,,,,,,,,,,
Tuyên Quang,Thành Ph? Tuyên Quang,Urban,Northern area,,,,,,,,,,,,
Tuyên Quang,Huy?n Hàm Yên,Rural,Northern area,,,,,,,,,,,,
Tuyên Quang,Huy?n Lâm Bình,Rural,Northern area,,,,,,,,,,,,
Tuyên Quang,Huy?n Nà Hang,Rural,Northern area,,,,,,,,,,,,
Tuyên Quang,Huy?n S?n D??ng,Rural,Northern area,,,,,,,,,,,,
Tuyên Quang,Huy?n Yên S?n,Rural,Northern area,,,,,,,,,,,,
V?nh Long,Thành Ph? V?nh Long,Urban,Southern area,,,,,,,,,,,,
V?nh Long,Huy?n Bình Tân,Rural,Southern area,,,,,,,,,,,,
V?nh Long,Huy?n Long H?,Rural,Southern area,,,,,,,,,,,,
V?nh Long,Huy?n Mang Thít,Rural,Southern area,,,,,,,,,,,,
V?nh Long,Huy?n Tam Bình,Rural,Southern area,,,,,,,,,,,,
V?nh Long,Huy?n Trà Ôn,Rural,Southern area,,,,,,,,,,,,
V?nh Long,Th? Xã Bình Minh,Rural,Southern area,,,,,,,,,,,,
V?nh Long,Huy?n V?ng Liêm,Rural,Southern area,,,,,,,,,,,,
V?nh Phúc,Thành Ph? V?nh Yên,Urban,Northern area,,,,,,,,,,,,
V?nh Phúc,Huy?n Bình Xuyên,Rural,Northern area,,,,,,,,,,,,
V?nh Phúc,Huy?n L?p Th?ch,Rural,Northern area,,,,,,,,,,,,
V?nh Phúc,Huy?n Sông Lô,Rural,Northern area,,,,,,,,,,,,
V?nh Phúc,Hu?ên Tam ??o,Rural,Northern area,,,,,,,,,,,,
V?nh Phúc,Huy?n Tam D??ng,Rural,Northern area,,,,,,,,,,,,
V?nh Phúc,Huy?n V?nh T??ng,Rural,Northern area,,,,,,,,,,,,
V?nh Phúc,Huyên Yên L?c,Rural,Northern area,,,,,,,,,,,,
V?nh Phúc,Th? Xã Phúc Yên,Urban,Northern area,,,,,,,,,,,,
Yên Bái,Thành Ph? Yên Bái,Urban,Northern area,,,,,,,,,,,,
Yên Bái,Huy?n L?c Yên,Rural,Northern area,,,,,,,,,,,,
Yên Bái,Huy?n Mù C?ng Ch?i,Rural,Northern area,,,,,,,,,,,,
Yên Bái,Huy?n Tr?m T?u,Rural,Northern area,,,,,,,,,,,,
Yên Bái,Huy?n Tr?n Yên,Rural,Northern area,,,,,,,,,,,,
Yên Bái,Huy?n V?n Ch?n,Rural,Northern area,,,,,,,,,,,,
Yên Bái,Huy?n V?n Yên,Rural,Northern area,,,,,,,,,,,,
Yên Bái,Huy?n Yên Bình,Rural,Northern area,,,,,,,,,,,,
Yên Bái,Th? Xã Ngh?a L?,Rural,Northern area,,,,,,,,,,,,
,,,,,,,,,,,,,,,
,,,,,,,,,,,,,,,
,,,,,,,,,,,,,,,
,,,,,,,,,,,,,,,
,,,,,,,,,,,,,,,
,,,,,,,,,,,,,,,
,,,,,,,,,,,,,,,
,,,,,,,,,,,,,,,
,,,,,,,,,,,,,,,
,,,,,,,,,,,,,,,
,,,,,,,,,,,,,,,
,,,,,,,,,,,,,,,
,,,,,,,,,,,,,,,
,,,,,,,,,,,,,,,
,,,,,,,,,,,,,,,
,,,,,,,,,,,,,,,
,,,,,,,,,,,,,,,
,,,,,,,,,,,,,,,
,,,,,,,,,,,,,,,
,,,,,,,,,,,,,,,
,,,,,,,,,,,,,,,
,,,,,,,,,,,,,,,
,,,,,,,,,,,,,,,
,,,,,,,,,,,,,,,
,,,,,,,,,,,,,,,
,,,,,,,,,,,,,,,
,,,,,,,,,,,,,,,
,,,,,,,,,,,,,,,
,,,,,,,,,,,,,,,
,,,,,,,,,,,,,,,
,,,,,,,,,,,,,,,
,,,,,,,,,,,,,,,
,,,,,,,,,,,,,,,
,,,,,,,,,,,,,,,
,,,,,,,,,,,,,,,
,,,,,,,,,,,,,,,
,,,,,,,,,,,,,,,
,,,,,,,,,,,,,,,
,,,,,,,,,,,,,,,
,,,,,,,,,,,,,,,
,,,,,,,,,,,,,,,
,,,,,,,,,,,,,,,
,,,,,,,,,,,,,,,
,,,,,,,,,,,,,,,
,,,,,,,,,,,,,,,
,,,,,,,,,,,,,,,
,,,,,,,,,,,,,,,
,,,,,,,,,,,,,,,
,,,,,,,,,,,,,,,
,,,,,,,,,,,,,,,
,,,,,,,,,,,,,,,
,,,,,,,,,,,,,,,
,,,,,,,,,,,,,,,
,,,,,,,,,,,,,,,
,,,,,,,,,,,,,,,
,,,,,,,,,,,,,,,
,,,,,,,,,,,,,,,
,,,,,,,,,,,,,,,
,,,,,,,,,,,,,,,
,,,,,,,,,,,,,,,
,,,,,,,,,,,,,,,
,,,,,,,,,,,,,,,
,,,,,,,,,,,,,,,
,,,,,,,,,,,,,,,
,,,,,,,,,,,,,,,
,,,,,,,,,,,,,,,
,,,,,,,,,,,,,,,
,,,,,,,,,,,,,,,
,,,,,,,,,,,,,,,
,,,,,,,,,,,,,,,
,,,,,,,,,,,,,,,
,,,,,,,,,,,,,,,
,,,,,,,,,,,,,,,
,,,,,,,,,,,,,,,
,,,,,,,,,,,,,,,
,,,,,,,,,,,,,,,
,,,,,,,,,,,,,,,
,,,,,,,,,,,,,,,
,,,,,,,,,,,,,,,
,,,,,,,,,,,,,,,
,,,,,,,,,,,,,,,
,,,,,,,,,,,,,,,
,,,,,,,,,,,,,,,
,,,,,,,,,,,,,,,
,,,,,,,,,,,,,,,
,,,,,,,,,,,,,,,
,,,,,,,,,,,,,,,
,,,,,,,,,,,,,,,
,,,,,,,,,,,,,,,
,,,,,,,,,,,,,,,
,,,,,,,,,,,,,,,
,,,,,,,,,,,,,,,
,,,,,,,,,,,,,,,
,,,,,,,,,,,,,,,
,,,,,,,,,,,,,,,
,,,,,,,,,,,,,,,
,,,,,,,,,,,,,,,
,,,,,,,,,,,,,,,
,,,,,,,,,,,,,,,
,,,,,,,,,,,,,,,
,,,,,,,,,,,,,,,
,,,,,,,,,,,,,,,
,,,,,,,,,,,,,,,
,,,,,,,,,,,,,,,
,,,,,,,,,,,,,,,
,,,,,,,,,,,,,,,
,,,,,,,,,,,,,,,
,,,,,,,,,,,,,,,
,,,,,,,,,,,,,,,
,,,,,,,,,,,,,,,
,,,,,,,,,,,,,,,
,,,,,,,,,,,,,,,
,,,,,,,,,,,,,,,
,,,,,,,,,,,,,,,
,,,,,,,,,,,,,,,
,,,,,,,,,,,,,,,
,,,,,,,,,,,,,,,
,,,,,,,,,,,,,,,
,,,,,,,,,,,,,,,
,,,,,,,,,,,,,,,
,,,,,,,,,,,,,,,
,,,,,,,,,,,,,,,
,,,,,,,,,,,,,,,
,,,,,,,,,,,,,,,
,,,,,,,,,,,,,,,
,,,,,,,,,,,,,,,
,,,,,,,,,,,,,,,
,,,,,,,,,,,,,,,
,,,,,,,,,,,,,,,
,,,,,,,,,,,,,,,
,,,,,,,,,,,,,,,
,,,,,,,,,,,,,,,
,,,,,,,,,,,,,,,
,,,,,,,,,,,,,,,
,,,,,,,,,,,,,,,
,,,,,,,,,,,,,,,
,,,,,,,,,,,,,,,
,,,,,,,,,,,,,,,
,,,,,,,,,,,,,,,
,,,,,,,,,,,,,,,
,,,,,,,,,,,,,,,
,,,,,,,,,,,,,,,
,,,,,,,,,,,,,,,
,,,,,,,,,,,,,,,
,,,,,,,,,,,,,,,
,,,,,,,,,,,,,,,
,,,,,,,,,,,,,,,
,,,,,,,,,,,,,,,
,,,,,,,,,,,,,,,
,,,,,,,,,,,,,,,
,,,,,,,,,,,,,,,
,,,,,,,,,,,,,,,
,,,,,,,,,,,,,,,
,,,,,,,,,,,,,,,
,,,,,,,,,,,,,,,
,,,,,,,,,,,,,,,
,,,,,,,,,,,,,,,
,,,,,,,,,,,,,,,
,,,,,,,,,,,,,,,
,,,,,,,,,,,,,,,
,,,,,,,,,,,,,,,
,,,,,,,,,,,,,,,
,,,,,,,,,,,,,,,
,,,,,,,,,,,,,,,
,,,,,,,,,,,,,,,
,,,,,,,,,,,,,,,
,,,,,,,,,,,,,,,
,,,,,,,,,,,,,,,
,,,,,,,,,,,,,,,
,,,,,,,,,,,,,,,
,,,,,,,,,,,,,,,
,,,,,,,,,,,,,,,
,,,,,,,,,,,,,,,
,,,,,,,,,,,,,,,
,,,,,,,,,,,,,,,
,,,,,,,,,,,,,,,
,,,,,,,,,,,,,,,
,,,,,,,,,,,,,,,
,,,,,,,,,,,,,,,
,,,,,,,,,,,,,,,
,,,,,,,,,,,,,,,
,,,,,,,,,,,,,,,
,,,,,,,,,,,,,,,
,,,,,,,,,,,,,,,
,,,,,,,,,,,,,,,
,,,,,,,,,,,,,,,
,,,,,,,,,,,,,,,
,,,,,,,,,,,,,,,
,,,,,,,,,,,,,,,
,,,,,,,,,,,,,,,
,,,,,,,,,,,,,,,
,,,,,,,,,,,,,,,
,,,,,,,,,,,,,,,
,,,,,,,,,,,,,,,
,,,,,,,,,,,,,,,
,,,,,,,,,,,,,,,
,,,,,,,,,,,,,,,
,,,,,,,,,,,,,,,
,,,,,,,,,,,,,,,
,,,,,,,,,,,,,,,
,,,,,,,,,,,,,,,
,,,,,,,,,,,,,,,
,,,,,,,,,,,,,,,
,,,,,,,,,,,,,,,
,,,,,,,,,,,,,,,
,,,,,,,,,,,,,,,
,,,,,,,,,,,,,,,
,,,,,,,,,,,,,,,
,,,,,,,,,,,,,,,
,,,,,,,,,,,,,,,
,,,,,,,,,,,,,,,
,,,,,,,,,,,,,,,
,,,,,,,,,,,,,,,
,,,,,,,,,,,,,,,
,,,,,,,,,,,,,,,
,,,,,,,,,,,,,,,
,,,,,,,,,,,,,,,
,,,,,,,,,,,,,,,
,,,,,,,,,,,,,,,
,,,,,,,,,,,,,,,
,,,,,,,,,,,,,,,
,,,,,,,,,,,,,,,
,,,,,,,,,,,,,,,
,,,,,,,,,,,,,,,
,,,,,,,,,,,,,,,
,,,,,,,,,,,,,,,
,,,,,,,,,,,,,,,
,,,,,,,,,,,,,,,
,,,,,,,,,,,,,,,
,,,,,,,,,,,,,,,
,,,,,,,,,,,,,,,
,,,,,,,,,,,,,,,
,,,,,,,,,,,,,,,
,,,,,,,,,,,,,,,
,,,,,,,,,,,,,,,
,,,,,,,,,,,,,,,
,,,,,,,,,,,,,,,
,,,,,,,,,,,,,,,
,,,,,,,,,,,,,,,
,,,,,,,,,,,,,,,
,,,,,,,,,,,,,,,
,,,,,,,,,,,,,,,
,,,,,,,,,,,,,,,
,,,,,,,,,,,,,,,
,,,,,,,,,,,,,,,
,,,,,,,,,,,,,,,
,,,,,,,,,,,,,,,
,,,,,,,,,,,,,,,
,,,,,,,,,,,,,,,
,,,,,,,,,,,,,,,
,,,,,,,,,,,,,,,
,,,,,,,,,,,,,,,
,,,,,,,,,,,,,,,
,,,,,,,,,,,,,,,
,,,,,,,,,,,,,,,
,,,,,,,,,,,,,,,
,,,,,,,,,,,,,,,
,,,,,,,,,,,,,,,
,,,,,,,,,,,,,,,
,,,,,,,,,,,,,,,
,,,,,,,,,,,,,,,
,,,,,,,,,,,,,,,
,,,,,,,,,,,,,,,
,,,,,,,,,,,,,,,
,,,,,,,,,,,,,,,
,,,,,,,,,,,,,,,
,,,,,,,,,,,,,,,
,,,,,,,,,,,,,,,
,,,,,,,,,,,,,,,
,,,,,,,,,,,,,,,
,,,,,,,,,,,,,,,
,,,,,,,,,,,,,,,
,,,,,,,,,,,,,,,
,,,,,,,,,,,,,,,
,,,,,,,,,,,,,,,
,,,,,,,,,,,,,,,
,,,,,,,,,,,,,,,
,,,,,,,,,,,,,,,
,,,,,,,,,,,,,,,
,,,,,,,,,,,,,,,
,,,,,,,,,,,,,,,
,,,,,,,,,,,,,,,
,,,,,,,,,,,,,,,
,,,,,,,,,,,,,,,
,,,,,,,,,,,,,,,
,,,,,,,,,,,,,,,
